{
  "features": [
    "cgpa",
    "backlogs",
    "num_skills",
    "projects",
    "internships",
    "certifications",
    "communication_score"
  ],
  "mean": [
    7.591343750000002,
    0.709375,
    8.903125,
    3.121875,
    1.478125,
    2.425,
    5.196875
  ],
  "scale": [
    1.1975578302678904,
    1.0030763228064952,
    3.264389718519374,
    1.9350766094330738,
    1.0866330955639996,
    1.5990231392947383,
    2.8452794650745643
  ],
  "coef": [
    1.9435932047490663,
    -1.2344713387954331,
    1.5775878952047742,
    1.2148137822088014,
    0.9820529179537174,
    0.7597351740249176,
    1.2006263738769787
  ],
  "intercept": 3.2551268382215026,
  "note": "score = sigmoid(intercept + sum(coef_i * (x_i - mean_i)/scale_i)) * 100"
}